<application>
  <component name="ProjectManager">
    <defaultProject>
      <component name="CodeInsightWorkspaceSettings">
        <option name="optimizeImportsOnTheFly" value="true" />
      </component>
      <component name="Encoding" native2AsciiForPropertiesFiles="true" defaultCharsetForPropertiesFiles="UTF-8" addBOMForNewFiles="with NO BOM">
        <file url="PROJECT" charset="UTF-8" />
      </component>
      <component name="Git.Settings">
        <option name="ROOT_SYNC" value="DONT_SYNC" />
      </component>
      <component name="MavenImportPreferences">
        <option name="generalSettings">
          <MavenGeneralSettings>
            <option name="localRepository" value="E:\local_repo" />
            <option name="mavenHome" value="C:/apache-maven-3.6.0" />
            <option name="userSettingsFile" value="C:\apache-maven-3.6.0\conf\settings.xml" />
          </MavenGeneralSettings>
        </option>
      </component>
      <component name="PropertiesComponent">
        <property name="last_opened_file_path" value="C:/software/Git/bin/git.exe" />
        <property name="nodejs_interpreter_path.stuck_in_default_project" value="undefined stuck path" />
        <property name="nodejs_npm_path_reset_for_default_project" value="true" />
        <property name="settings.editor.selected.configurable" value="settings.github" />
      </component>
      <component name="masterDetails">
        <states>
          <state key="ProjectJDKs.UI">
            <settings>
              <last-edited>11</last-edited>
              <splitter-proportions>
                <option name="proportions">
                  <list>
                    <option value="0.2" />
                  </list>
                </option>
              </splitter-proportions>
            </settings>
          </state>
        </states>
      </component>
    </defaultProject>
  </component>
</application>